Price,Close,High,Low,Open,Volume,Ticker
Ticker,SPY,SPY,SPY,SPY,SPY,
Date,,,,,,
2024-01-02,459.9912109375,460.9839117212058,457.8890577311239,459.5143439023402,123623700,SPY
2024-01-03,456.2345886230469,458.57030441924957,455.6311985932203,457.8306496986943,103585900,SPY
2024-01-04,454.7650146484375,458.34644746704663,454.54116395968543,455.75768568069975,84232200,SPY
2024-01-05,455.3879089355469,457.84040614563645,453.93779478135224,454.96940287212124,86118900,SPY
2024-01-08,461.8890075683594,462.0349842457667,455.7577198150965,455.884242835596,74879100,SPY
2024-01-09,461.1882629394531,462.21012932199153,458.72602412321226,459.2320864754785,65931400,SPY
2024-01-10,463.7964782714844,464.6626560070687,461.17852110920177,461.4607624691406,67310600,SPY
2024-01-11,463.59210205078125,465.3146861106975,459.6116465550996,464.7988820904805,77940700,SPY
2024-01-12,463.91326904296875,465.7818595429952,462.502121615046,465.04220480544996,58026400,SPY
2024-01-16,462.21014404296875,463.8451421871986,460.39023221216354,462.53132242501596,85014900,SPY
2024-01-17,459.6408386230469,460.1274473065962,457.28563952656407,459.1834252725011,68843900,SPY
2024-01-18,463.72833251953125,464.2830735453687,459.7673604180853,461.31477246365523,91856200,SPY
2024-01-19,469.50927734375,469.79151871434675,463.7770421286305,464.8572992191645,110834500,SPY
2024-01-22,470.5019836425781,472.22456782073624,469.8499148891261,471.0469830334159,75844900,SPY
2024-01-23,471.87420654296875,472.1175109095896,469.9569966462272,471.04699545665005,49945300,SPY
2024-01-24,472.3900451660156,475.679495288325,471.89369474893255,474.74521482696895,81765000,SPY
2024-01-25,474.9593200683594,475.23181977158964,472.39004139507995,474.52136032734217,72525000,SPY
2024-01-26,474.3559265136719,476.0201200569098,473.509232074134,474.53109852869903,76641600,SPY
2024-01-29,478.11248779296875,478.258494159002,474.12232032676826,474.66731967923187,61322800,SPY
2024-01-30,477.7427062988281,478.4531359964777,476.983568210537,477.421527922976,58618400,SPY
2024-01-31,469.9472351074219,475.98116532447904,469.9277517507619,475.5334936248827,126011100,SPY
2024-02-01,476.0979919433594,476.1271872790658,470.8425939142762,471.65038103588824,91891600,SPY
2024-02-02,481.11004638671875,482.7644982110768,476.1952805049677,476.53591254829524,99228200,SPY
2024-02-05,479.35821533203125,481.13921979443177,477.10037355108614,480.47743909484853,75757100,SPY
2024-02-06,480.74993896484375,481.0808293147646,478.871606822303,480.3022375794468,55918600,SPY
2024-02-07,484.7596435546875,485.17811995237605,482.0930074037672,482.9981222525648,70556500,SPY
2024-02-08,484.9737243652344,485.3532637246949,483.9421162494583,484.759615339305,52343600,SPY
2024-02-09,487.7765808105469,488.2145108276318,485.13914022884614,485.47977226451565,63979400,SPY
2024-02-12,487.56243896484375,490.0149359961155,486.84223792928447,487.747352637465,56502300,SPY
2024-02-13,480.8471984863281,483.77659211196044,477.5772025602381,481.28515815868167,113099200,SPY
2024-02-14,485.217041015625,485.70364975049426,481.1587110987094,483.4847151074999,68387800,SPY
2024-02-15,488.5649108886719,488.74982458371477,485.4408614304675,485.9177581862181,61683000,SPY
2024-02-16,486.13189697265625,489.40189361100556,485.3922421472117,488.2632457352468,75532900,SPY
2024-02-20,483.4554443359375,485.0612469703984,481.20731470764525,484.38972464503985,71736700,SPY
2024-02-21,483.8934020996094,484.0491204434422,480.3411646253707,482.15136438471933,59293400,SPY
2024-02-22,493.9078369140625,494.87131264849836,489.54781221335594,490.51131764803023,76402500,SPY
2024-02-23,494.2484436035156,496.4673780025352,493.51853058146656,495.6303956264625,61321800,SPY
2024-02-26,492.43829345703125,495.12438315275733,492.3117704350963,494.6864234153272,50386700,SPY
2024-02-27,493.35308837890625,493.57693907250416,491.23148157958644,493.1292673855463,48854500,SPY
2024-02-28,492.7010803222656,493.2849870375032,491.4358798053579,491.7959655131677,56506600,SPY
2024-02-29,494.4722900390625,496.0878345083775,491.815425510208,494.46257806109645,83924800,SPY
2024-03-01,499.1145324707031,499.54275051356746,494.9394511031337,495.3482154895911,76844800,SPY
2024-03-04,498.57928466796875,500.4284215717115,498.2873313148722,498.3165563504212,49799300,SPY
2024-03-05,493.59637451171875,497.02211863397577,491.3871817921508,496.57441726330285,72855600,SPY
2024-03-06,496.09759521484375,498.3554668272533,494.8032290742474,496.8761572948693,68382400,SPY
2024-03-07,501.0220947265625,502.07318625015404,496.1560072661152,499.396838146908,58652100,SPY
2024-03-08,498.01483154296875,504.3407152276024,497.4406368151398,501.6546849790431,86532500,SPY
2024-03-11,497.58660888671875,498.17054528765857,494.88106560592894,496.8080468189585,62557200,SPY
2024-03-12,502.9393615722656,503.5232683044219,497.1778712794107,499.6985307075949,73114400,SPY
2024-03-13,502.1509704589844,503.43562459877114,500.7106276661075,503.2604525888654,55104100,SPY
2024-03-14,501.15826416015625,503.2798707615309,498.112089236963,503.1241227281349,110171800,SPY
2024-03-15,497.71710205078125,499.5426983558434,496.04773772547895,498.08807852140865,107646300,SPY
2024-03-18,500.675048828125,503.2327960119457,500.2650442068728,501.7879780994152,88893300,SPY
2024-03-19,503.4573974609375,503.7404859733711,498.9764238973626,499.9819809876235,60755300,SPY
2024-03-20,508.1141052246094,508.2507933211334,502.84243741128154,503.51604636123994,69594600,SPY
2024-03-21,509.793212890625,511.6578075346775,509.5100647824686,510.9549424076125,60256100,SPY
2024-03-22,508.82672119140625,510.19342318455074,508.59237324097523,509.7053025616341,79070800,SPY
2024-03-25,507.4209289550781,508.57288646937474,507.26469698888116,507.45018520809214,48512100,SPY
2024-03-26,506.4837341308594,509.1879415331935,506.0835014250274,508.8462213354942,65463700,SPY
2024-03-27,510.7401428222656,510.77923060858313,507.1475819984231,509.3148686626399,82999800,SPY
2024-03-28,510.6424560546875,512.145845947325,510.3593675770243,510.7791441135719,96294900,SPY
2024-04-01,509.7541198730469,511.92140649600015,508.59239036798215,511.38448570971826,62477500,SPY
2024-04-02,506.5130310058594,506.6496594947848,504.20905639561914,505.92725051103764,74230300,SPY
2024-04-03,507.0694274902344,508.5728771082824,505.3707772955882,505.41957743973774,59155800,SPY
2024-04-04,500.880126953125,511.4235209921689,500.5774945359362,511.08186037390533,96858100,SPY
2024-04-05,506.1127014160156,508.0749556966803,501.79773213862893,502.23705258109646,74546500,SPY
2024-04-08,506.39581298828125,507.8211466086966,505.5855756833857,506.8156491443553,48401800,SPY
2024-04-09,506.9815979003906,508.3776156958321,502.12964804913753,508.1335553906493,68049200,SPY
2024-04-10,501.90509033203125,503.8966008078219,499.9233518012494,501.2802817017724,82652800,SPY
2024-04-11,505.6929016113281,507.13771940586537,499.9135708481498,503.42801505622447,70099000,SPY
2024-04-12,498.71282958984375,503.56474960986543,496.9848635757255,502.14918793409277,92561100,SPY
2024-04-15,492.4649353027344,503.0571295651305,491.61558034670605,502.89118522807627,92101400,SPY
2024-04-16,491.5667724609375,494.4662102656471,490.2781268160622,492.9432762462562,73484000,SPY
2024-04-17,488.6575622558594,494.1928634388067,487.2615443714678,494.0268893119992,75910300,SPY
2024-04-18,487.6520080566406,492.15249561510325,486.71482481856754,490.0535829309475,74548100,SPY
2024-04-19,483.3956298828125,488.56969668668467,482.1264983587833,487.57394131853926,102212600,SPY
2024-04-22,487.8472595214844,490.44406471980994,483.6591763812229,486.0021493308909,67961000,SPY
2024-04-23,493.63641357421875,494.0659621350047,487.66182151013055,489.8583644626642,64633600,SPY
2024-04-24,493.4020690917969,495.3154935043147,491.17624034467946,494.5247405147149,55928100,SPY
2024-04-25,491.5277099609375,492.2891769636512,485.67026231159537,487.32011244956163,69122400,SPY
2024-04-26,496.1844177246094,497.7659238799117,493.68524235456005,494.31979324751813,64306100,SPY
2024-04-29,497.94158935546875,498.61519817399505,495.19835393785416,497.97087540007783,46415400,SPY
2024-04-30,490.0535888671875,497.45348436502843,490.0535888671875,496.4772431240589,77483600,SPY
2024-05-01,488.46234130859375,496.11606953951656,487.9937347584278,489.46786865773555,80242800,SPY
2024-05-02,493.0311279296875,493.8707109149056,487.68131503899394,492.17203084435516,62550200,SPY
2024-05-03,499.14239501953125,500.372438730604,496.47724569258963,499.01547889074567,72756700,SPY
2024-05-06,504.29693603515625,504.3359642334882,501.1046081667102,501.54392863434595,47264700,SPY
2024-05-07,504.8534240722656,506.2494419365131,504.17981521335923,505.2634287213709,52561300,SPY
2024-05-08,504.9021301269531,505.439050807753,502.90084781577497,503.017991979403,42047200,SPY
2024-05-09,507.8113708496094,507.8504586322259,504.4336144152066,505.0876793386549,43643700,SPY
2024-05-10,508.4656066894531,510.22282932595266,507.24530491618293,509.41253226468797,52233200,SPY
2024-05-13,508.5336608886719,510.2518545410418,507.3914756298885,510.1444823340238,36716400,SPY
2024-05-14,510.86700439453125,511.38444082765227,508.19211305924,508.72903379839863,57535900,SPY
2024-05-15,517.193115234375,517.4859756907869,512.7023697575905,513.3369504006804,59504900,SPY
2024-05-16,516.1289672851562,518.8917465910545,515.9825072697596,517.2906967075278,50244800,SPY
2024-05-17,516.870849609375,516.9391936348987,514.7914513506761,516.2460410203236,59187600,SPY
2024-05-20,517.4664306640625,518.930792527948,516.5975616577482,516.9880819887991,37764200,SPY
2024-05-21,518.7354736328125,518.8917055815594,516.4999028909981,516.7049349793422,33437000,SPY
2024-05-22,517.2418823242188,518.7550442398426,515.064823969773,518.0424072439434,48390000,SPY
2024-05-23,513.4639282226562,520.404990006262,512.253338882305,520.2976177568495,57211200,SPY
2024-05-24,516.8612670898438,517.671564163704,514.3620914027401,515.3090169926944,41291100,SPY
2024-05-28,517.2223510742188,517.9057318355667,514.5864879004678,517.6714434796838,36269600,SPY
2024-05-29,513.6005249023438,514.7817983278129,512.8878878194378,513.1905202395113,45190300,SPY
2024-05-30,510.19342041015625,512.7219114405311,508.94386260650384,512.0580745471788,46377600,SPY
2024-05-31,514.84033203125,514.9672481577884,506.0443890267406,511.15017117084983,90785800,SPY
2024-06-03,515.2601928710938,516.7343269011582,510.1837257344974,516.4512383491438,46835700,SPY
2024-06-04,515.836181640625,516.578134600827,512.4876809576447,513.9520429838191,34632700,SPY
2024-06-05,521.9669189453125,521.9864628385163,516.1680432425981,518.1596136281009,47610400,SPY
2024-06-06,521.9572143554688,522.6991673724779,520.0242754001383,522.2696187618435,30808500,SPY
2024-06-07,521.3226318359375,524.1342115774243,519.8875261250549,520.980911626184,43224500,SPY
2024-06-10,522.933349609375,523.255525898201,519.916797584573,520.5122904328304,35686100,SPY
2024-06-11,524.1927490234375,524.2513211148034,519.4091430834137,521.3811694677967,36383400,SPY
2024-06-12,528.4979248046875,531.1923600659605,527.4631115100716,528.7615289974312,63251300,SPY
2024-06-13,529.5620727539062,530.4211698122318,526.7700371068663,530.2454535391702,44760900,SPY
2024-06-14,529.8842163085938,529.9134725597781,527.0237772162169,528.0293342324846,40089900,SPY
2024-06-17,534.1015625,535.4976399183048,528.7420075865693,529.2008719569648,55839500,SPY
2024-06-18,535.4585571289062,535.585473259027,533.7403629842298,534.16013957423,41376400,SPY
2024-06-20,534.0040283203125,537.0498966218076,532.2272618802663,536.3860596417427,70328200,SPY
2024-06-21,533.2880249023438,534.4045446160707,531.828742363983,533.1803062748603,64338600,SPY
2024-06-24,531.5545043945312,535.6777608035513,531.4369822915095,533.1117619254674,45528700,SPY
2024-06-25,533.6014404296875,533.9638101987721,531.260682360104,532.7787259572508,37936200,SPY
2024-06-26,534.2673950195312,534.9823310545671,531.8385253727439,532.4848968900385,38550600,SPY
2024-06-27,535.1096801757812,535.6875469780335,533.3859430174333,534.1302894973802,35041500,SPY
2024-06-28,533.0039672851562,538.9391321933387,531.7601817698417,535.8833782760337,76144500,SPY
2024-07-01,534.1009521484375,534.6298016081159,531.3390631933655,534.3849539324244,40297800,SPY
2024-07-02,537.6953735351562,537.6953735351562,532.4458529900177,532.4948105764632,40434800,SPY
2024-07-03,540.0947875976562,540.457157354787,537.3427022712717,537.3818563773293,32789900,SPY
2024-07-05,543.209228515625,543.6107523683424,539.7617544001083,540.3983822148235,41488400,SPY
2024-07-08,543.836181640625,544.7861620751073,542.7686193086706,543.9928578751316,36110500,SPY
2024-07-09,544.364990234375,545.6969473479489,544.0711849559792,544.7959245684453,27289700,SPY
2024-07-10,549.7516479492188,550.0944108163902,545.2954317896393,545.5892370725392,38701200,SPY
2024-07-11,545.01123046875,550.7407010140586,544.3746624818856,549.8690290838814,53054200,SPY
2024-07-12,548.4490356445312,552.0531865568831,545.667599292853,546.1376877405125,53084400,SPY
2024-07-15,549.9573364257812,553.1991175344059,548.0964700225896,550.4470318184875,40584300,SPY
2024-07-16,553.2185668945312,553.5123721227574,550.5154392403327,551.2695891404957,36475300,SPY
2024-07-17,545.4618530273438,548.9582849622979,545.1386373621594,547.2835053633577,57119000,SPY
2024-07-18,541.2700805664062,547.988746727991,539.0860582622142,546.9995524787638,56270400,SPY
2024-07-19,537.6756591796875,542.6607838512468,536.6179005483158,541.0349619096787,65509100,SPY
2024-07-22,543.2191162109375,543.8263337080781,539.6639229224022,541.6030975244146,43346700,SPY
2024-07-23,542.3670043945312,545.2659625762393,541.8773090500791,543.111291105197,34439600,SPY
2024-07-24,530.07568359375,537.8520492308112,529.1550538158566,537.5484404624247,74515300,SPY
2024-07-25,527.3137817382812,536.1773164246895,526.3736048145187,530.193193121847,61158300,SPY
2024-07-26,533.2193603515625,535.9126841969656,530.3301464528615,531.1039031968002,53763800,SPY
2024-07-29,533.5328979492188,535.7756811771844,531.5349026238763,534.7669398202207,39515800,SPY
2024-07-30,530.8297119140625,536.0596840862061,527.4214517116767,535.001925487195,46853600,SPY
2024-07-31,539.4581298828125,542.0926929678205,536.2947173976487,537.6658283608423,65663400,SPY
2024-08-01,531.8189697265625,543.4345294348678,528.3127341764186,541.1819427118934,76428700,SPY
2024-08-02,521.9173583984375,525.9230331199286,517.7059303208597,524.7085981454201,82789100,SPY
2024-08-05,506.7171630859375,512.7893973566776,499.75367969518885,501.0954700551791,146267400,SPY
2024-08-06,511.3888854980469,518.8322310175004,507.19706454680966,508.51921810050686,84826300,SPY
2024-08-07,507.9708251953125,520.6344013211964,507.3734111313128,517.5786469147923,70698300,SPY
2024-08-08,519.7137451171875,520.3405097902447,511.08531467340157,513.1126009988247,63276600,SPY
2024-08-09,522.0053100585938,523.4940026818011,517.6666175077982,518.8908555789227,45619600,SPY
2024-08-12,522.2797241210938,524.6889871074426,520.0075304089534,523.2003538167259,42542100,SPY
2024-08-13,530.8689575195312,531.1040615199245,525.2277168327499,525.4725645280489,52333100,SPY
2024-08-14,532.5436401367188,533.7287242856177,528.9884474672805,531.6621646835201,42446900,SPY
2024-08-15,541.6715698242188,541.9555715802455,537.567920792545,538.1751381862979,60846800,SPY
2024-08-16,542.8860473632812,543.5814362683599,539.8989177341498,540.0555939415091,44430700,SPY
2024-08-19,548.0767211914062,548.0767211914062,542.4452256331724,543.2972906137162,39121800,SPY
2024-08-20,547.185546875,549.2814571312036,545.8437865187526,547.6262846058479,33732300,SPY
2024-08-21,549.0660400390625,550.5253226989936,543.2974141481618,548.2335818085938,41514600,SPY
2024-08-22,544.7567749023438,551.5733570510946,543.5423397569558,550.9661394784007,56121500,SPY
2024-08-23,550.544921875,551.4851585059275,545.8046443878154,547.9985298599797,50639400,SPY
2024-08-26,549.2324829101562,552.2881770773529,547.528352675827,551.5732410031779,35788600,SPY
2024-08-27,549.9866333007812,550.476328645617,546.8134170306081,547.9592873998898,32693900,SPY
2024-08-28,546.7937622070312,550.0747565964821,543.6009392739261,549.6438223396717,41066000,SPY
2024-08-29,546.8428344726562,552.0630042239653,545.6969639633883,548.7624619787401,38715200,SPY
2024-08-30,552.0629272460938,552.5722295246512,545.657733766081,549.212926690368,62700100,SPY
2024-09-03,540.7020874023438,549.25214992284,538.1850458833093,548.9191307501956,60600100,SPY
2024-09-04,539.5952758789062,543.0035361193702,538.1359934145067,538.8607329114091,47224900,SPY
2024-09-05,538.282958984375,542.3866087950116,535.8246785314534,539.5366078915503,44264300,SPY
2024-09-06,529.2235107421875,540.231851947678,528.3224880929642,538.60608979078,68493800,SPY
2024-09-09,535.1488647460938,536.4221205223048,531.4957564364314,533.4251872668898,40445800,SPY
2024-09-10,537.479736328125,537.8323623685915,532.1812595780266,537.05860555086,36394600,SPY
2024-09-11,542.9937744140625,543.9144040618945,528.8318231688719,537.3916883108078,75248600,SPY
2024-09-12,547.5675659179688,547.8711746400817,541.3483991843773,543.5716351743016,51819600,SPY
2024-09-13,550.4273071289062,551.4263046450518,547.920069645679,548.1747207597754,39310500,SPY
2024-09-16,551.240234375,551.5046291897925,548.3608236054457,550.1628688432331,36656100,SPY
2024-09-17,551.465576171875,554.9032473896473,549.2325364902464,553.4537083801224,49321000,SPY
2024-09-18,549.8300170898438,556.969754476821,549.2717571625421,552.1217580784818,59044900,SPY
2024-09-19,559.2124633789062,561.0733295553275,556.3722663136862,559.2418737919741,75315500,SPY
2024-09-20,558.2457885742188,559.2871245583524,555.219996107625,557.843033129673,77503100,SPY
2024-09-23,559.6408081054688,560.2892222272916,558.0984411315784,559.3166610051752,44116900,SPY
2024-09-24,561.2420654296875,561.3010067117204,557.6071931426925,560.4364946014963,46805700,SPY
2024-09-25,560.0042724609375,561.8217386948093,558.8941616149112,561.0849426444706,38428600,SPY
2024-09-26,562.2244873046875,564.5920921622151,559.866775948692,564.2678851150425,48336000,SPY
2024-09-27,561.4090576171875,564.1106429805404,560.377555197848,563.2952985697877,42100900,SPY
2024-09-30,563.6588134765625,564.2678934162012,558.078818569817,560.3775886747461,63557400,SPY
2024-10-01,558.6092529296875,563.9534823374194,556.0353836889657,563.3051282373419,72668800,SPY
2024-10-02,558.8450317382812,559.8667605957481,555.3182683616095,557.7153138155387,38097800,SPY
2024-10-03,557.8234252929688,559.7685478192003,555.5344286086627,557.3715020969081,40846500,SPY
2024-10-04,562.892578125,563.2658929623027,558.09848649286,562.273664576873,42939100,SPY
2024-10-07,557.8037109375,561.8905065573382,556.6543259021896,561.2420924631317,49964700,SPY
2024-10-08,563.0791015625,563.6784078443834,559.5032307538278,560.3775163862582,37398700,SPY
2024-10-09,566.9793090820312,567.5392812736217,562.4700908869163,563.0693372819003,37912200,SPY
2024-10-10,565.987060546875,567.411544847049,564.375918856187,565.6334128471475,44138100,SPY
2024-10-11,569.3763427734375,570.1131388058892,565.7709110163313,565.9084606662699,42268000,SPY
2024-10-14,574.0328979492188,574.9661849382893,570.5060744728205,570.9874382986001,36217200,SPY
2024-10-15,569.5728149414062,574.6026708937048,568.3545951743074,574.2981309420833,54203600,SPY
2024-10-16,572.0484619140625,572.5691599226542,568.767296964022,569.57286786976,30725400,SPY
2024-10-17,572.0975341796875,575.8011814159861,571.9108767867559,575.5948569414992,34393700,SPY
2024-10-18,574.2981567382812,575.0840605235142,572.3235337539761,573.787292295603,37416800,SPY
2024-10-21,573.3550415039062,574.5535342943244,570.378356688641,573.5711395635755,36439000,SPY
2024-10-22,573.0504150390625,574.209633451099,570.1621725681896,570.8203601494715,34183800,SPY
2024-10-23,567.8142700195312,571.4688092704015,564.3071139493308,571.0267196890029,49314600,SPY
2024-10-24,569.0423583984375,569.8479293354313,566.4193810527883,569.7693209618997,34979900,SPY
2024-10-25,568.8458862304688,574.1705094317597,567.9028255594263,571.2724326633536,47268200,SPY
2024-10-28,570.6043701171875,572.4512770786239,570.299830137409,572.3235609618828,30174700,SPY
2024-10-29,571.52783203125,572.6477165136779,568.2466070737139,569.6415908764491,42899700,SPY
2024-10-30,569.798828125,573.0505525749719,569.0914726763393,571.0562623128328,41435800,SPY
2024-10-31,558.6289672851562,565.4958970216722,558.4324763422399,565.4271221936206,60182500,SPY
2024-11-01,560.9866333007812,565.4172428761593,560.5740443264921,561.2617325907157,45667500,SPY
2024-11-04,559.7782592773438,562.4209031245102,557.8920784523416,561.1241350696315,38217000,SPY
2024-11-05,566.5470581054688,566.586332309216,560.4758658123077,560.6919638738422,39478300,SPY
2024-11-06,580.6346435546875,581.5089893813079,575.0841485043231,578.8270705681771,68182000,SPY
2024-11-07,585.1241455078125,586.145874462509,582.5601095007273,582.6387178727699,47233200,SPY
2024-11-08,587.65869140625,589.0831757216504,585.674234913322,585.674234913322,46444900,SPY
2024-11-11,588.21875,589.6039003558736,586.4897254702406,589.2502526004109,37586800,SPY
2024-11-12,586.3914794921875,588.7393574916656,583.9059918696842,588.1401110548398,43006100,SPY
2024-11-13,586.6763916015625,588.6804555395651,584.4856702408568,586.8532154819194,47388600,SPY
2024-11-14,582.9039306640625,587.2854330583992,582.2163022724781,586.804069200042,38904100,SPY
2024-11-15,575.437744140625,579.8094129170865,573.5810036102117,579.3378226480269,75988800,SPY
2024-11-18,577.7954711914062,579.1118465214918,575.0349444617987,575.8993966406199,37001700,SPY
2024-11-19,579.9075317382812,580.6344941628126,573.7479582489347,574.4159793947367,49412000,SPY
2024-11-20,580.1041259765625,580.3889988810581,574.3374733314436,579.9862433981077,50032600,SPY
2024-11-21,583.2183227539062,584.6428072515256,577.1078556838472,582.9531169226577,46750300,SPY
2024-11-22,585.02587890625,585.6546259064262,582.7074417987914,583.2084127301733,38226400,SPY
2024-11-25,587.0103149414062,590.2816460152659,584.7213185752529,588.965270737662,42441400,SPY
2024-11-26,590.075439453125,590.7434606979054,587.5408441710033,588.2579731618996,45621300,SPY
2024-11-27,588.2874145507812,590.2718110026187,586.7647148108081,589.8887226529953,34000200,SPY
2024-11-29,591.94189453125,592.7277982726248,588.827720226239,589.1027595534448,30177400,SPY
2024-12-02,593.0029296875,593.6807844427898,591.8633182342458,592.354515594293,31746000,SPY
2024-12-03,593.2779541015625,593.5235527754064,591.735647195163,592.7671496331845,26906600,SPY
2024-12-04,596.9619140625,597.2075127280552,594.2996629026728,594.9676840777096,42787600,SPY
2024-12-05,595.9795532226562,597.7675188046404,595.6259055147337,596.961947940629,28762200,SPY
2024-12-06,597.1094360351562,598.3472631909667,596.333365657436,596.7459547224977,31241500,SPY
2024-12-09,594.0344848632812,597.1584931551176,593.445071963169,596.9915028268559,34742700,SPY
2024-12-10,592.1875,595.1346840344664,591.5293123546073,594.7122615181331,37234500,SPY
2024-12-11,596.7655639648438,597.7184581352288,594.8400485801485,595.115147903942,28677700,SPY
2024-12-12,593.690673828125,596.4708079758578,593.690673828125,595.9010621562538,31543800,SPY
2024-12-13,593.57275390625,596.4413297893211,592.1973772710232,595.7242008087076,35904700,SPY
2024-12-16,596.1072998046875,597.0799209921157,594.5551592425911,595.3312295236393,43695200,SPY
2024-12-17,593.6513671875,594.5158794594372,592.2760503625989,593.553151685944,55773500,SPY
2024-12-18,575.9583740234375,595.7339235020439,575.5752257128447,593.3467116570313,108248700,SPY
2024-12-19,575.7815551757812,582.5601031255708,575.5359564813775,580.948961299734,85919500,SPY
2024-12-20,582.6972045898438,587.2314053923626,572.6035752179652,573.4513238514112,125716700,SPY
2024-12-23,586.1866455078125,586.7879087972127,579.2571372355378,582.4409930028329,57635800,SPY
2024-12-24,592.7020874023438,592.7415539521577,586.9554328723399,587.5370230202848,33160100,SPY
2024-12-26,592.7415771484375,593.8652307760627,589.5281816588665,590.9278604962976,41219100,SPY
2024-12-27,586.5020141601562,589.2324254266508,582.31278453499,588.9958066290322,64969300,SPY
2024-12-30,579.80908203125,583.2787692142718,576.0535631828352,579.4838439796579,56578800,SPY
2024-12-31,577.6997680664062,582.194563069081,576.0634704063194,581.4749602926895,57052700,SPY
2025-01-02,576.2803955078125,582.6775870195096,572.1995778777631,580.9624764637459,50204000,SPY
2025-01-03,583.4857788085938,584.1264484268344,578.044689478734,579.1289967873591,37888500,SPY
2025-01-06,586.8469848632812,591.1249540533898,585.1121413237427,587.7440065436294,47679400,SPY
2025-01-07,580.2132568359375,589.2028462645713,578.3897338233832,588.877548048508,60393100,SPY
2025-01-08,581.0609741210938,582.1354148697908,576.8323377526707,580.282291853868,47304700,SPY
2025-01-10,572.189697265625,577.5716476388544,570.2774344732991,577.5026413332764,73105000,SPY
2025-01-13,573.0768432617188,573.4316812597856,567.1231694250464,567.5372072518853,47910100,SPY
2025-01-14,573.8654174804688,576.635235607402,570.080298180397,576.0043723636517,48420600,SPY
2025-01-15,584.303955078125,585.4473419377294,580.7751281246863,581.8889752343268,56900200,SPY
2025-01-16,583.1802368164062,585.8514484014332,582.4803673486446,585.6740294157521,43319700,SPY
2025-01-17,589.035400390625,590.7899174222187,587.0935375428814,588.4242703969026,58070600,SPY
2025-01-21,594.4270629882812,594.4369296257112,590.1096871636119,592.0810894520482,42532900,SPY
2025-01-22,597.7686767578125,599.1289493146973,596.7041025475482,597.2560928487167,48196000,SPY
2025-01-23,601.0313110351562,601.0313110351562,596.8618141810588,597.1377792345874,41152100,SPY
2025-01-24,599.2767333984375,602.0466115435261,598.1234798327728,601.0904500891409,34604700,SPY
2025-01-27,590.7996826171875,591.115114198888,586.1373355152499,586.3048878621954,70361100,SPY
2025-01-28,595.8760375976562,596.713859452747,588.7099714764748,592.031779311243,44433300,SPY
2025-01-29,593.204833984375,595.4916679771449,590.6518414168764,595.0874967960807,37177400,SPY
2025-01-30,596.3885498046875,597.9262410572588,592.130313990855,595.3240359730432,39281300,SPY
2025-01-31,593.2146606445312,601.2382822731704,592.4556515232641,598.8134358374799,66566900,SPY
2025-02-03,589.22265625,591.7065824928592,582.046722262467,584.1955437708402,65857200,SPY
2025-02-04,593.1752319335938,593.6877555909119,588.7395770202528,589.2817005882882,33457800,SPY
2025-02-05,595.580322265625,595.7282015036632,590.021013481686,592.0515554519985,30653100,SPY
2025-02-06,597.6503295898438,597.778475552574,594.013089933138,597.3250313642651,35771500,SPY
2025-02-07,592.1797485351562,599.4344951653416,591.4700123634921,598.2122352633725,50788500,SPY
2025-02-10,596.2013549804688,596.8420848342793,594.1215398587573,595.3931329282537,26048700,SPY
2025-02-11,596.6547241210938,597.1968476878733,593.8159001701387,593.9341794878935,30056700,SPY
2025-02-12,594.7326049804688,595.9055917033094,589.9519786805068,590.6321148502618,45076100,SPY
2025-02-13,601.0115966796875,601.2186155981716,594.5749988790903,595.8366651794477,40921300,SPY
2025-02-14,600.9819946289062,602.2535274358258,600.360998100256,601.2185532755497,26910400,SPY
2025-02-18,602.7463989257812,602.7463989257812,599.6808827255115,602.145135650955,26749000,SPY
2025-02-19,604.165771484375,604.4614697835945,600.8439635712302,601.3565473981581,31011100,SPY
2025-02-20,601.65234375,602.9337433637311,598.3404019341449,602.7957307474628,36554000,SPY
2025-02-21,591.3616333007812,601.5734842084402,590.8983224108222,601.4354715890964,76519800,SPY
2025-02-24,588.670654296875,594.4074426853949,587.960918125522,593.4118748152965,50737200,SPY
2025-02-25,585.7430419921875,589.3408752561445,581.129967827771,588.6114660308307,58266500,SPY
2025-02-26,586.0387573242188,591.0067297705009,583.3970853838995,587.4088964020577,43321600,SPY
2025-02-27,576.6843872070312,589.468961108592,576.2901428845248,588.3156475632774,74196700,SPY
2025-02-28,585.6838989257812,586.2161558854355,574.1117771132394,577.1871598716435,88744100,SPY
2025-03-03,575.4227905273438,588.798762606637,571.6081318173137,587.6553155599406,74249200,SPY
2025-03-04,568.611572265625,577.0196322682823,564.0675042327628,571.4208567458912,109648200,SPY
2025-03-05,574.7229614257812,576.5169448984452,564.8856823224501,568.4440493526719,71230500,SPY
2025-03-06,564.5209350585938,571.8742272350298,561.9679425734266,567.2512863712917,80094900,SPY
2025-03-07,567.6849975585938,569.1340095542192,557.5421542389136,562.7368186254731,81158800,SPY
2025-03-10,552.5643920898438,561.3962362827218,547.6457527585567,559.4741670846696,99326600,SPY
2025-03-11,547.9708862304688,555.9551004739012,544.1266884057775,551.4011666406667,88102100,SPY
2025-03-12,550.8788452148438,555.0582088315019,545.7729200294035,554.1316472627199,69588200,SPY
2025-03-13,543.5352783203125,551.1153221105548,541.8201680493273,550.5041922476157,74079400,SPY
2025-03-14,554.7625122070312,555.7679467233177,543.604366956188,548.1583018697701,62660300,SPY
2025-03-17,559.0404052734375,561.5637976935186,554.3089918436672,554.742702735982,49008700,SPY
2025-03-18,552.9981079101562,556.9409127203818,551.0661118946721,556.7240271713574,66041400,SPY
2025-03-19,559.0206909179688,562.7860764826731,553.5993346617712,554.7821880592443,66556000,SPY
2025-03-20,557.4041748046875,562.4115538615378,554.5554838320709,555.2750866351008,62958200,SPY
2025-03-21,557.5880126953125,558.4877328401925,551.7054963570508,552.9413292589383,83763000,SPY
2025-03-24,567.5736083984375,568.6314886589248,563.7375780431137,564.3307537296456,58766800,SPY
2025-03-25,568.93798828125,569.8771730865459,567.1880294433175,568.7797678649376,38355700,SPY
2025-03-26,562.1458129882812,569.7980806984394,560.7616559941828,568.6709866041082,51848300,SPY
2025-03-27,560.6529541015625,564.4296669577193,558.5371935416607,560.7517966033342,42164200,SPY
2025-03-28,549.3623657226562,559.8521624781242,548.7790863172526,559.120558969836,71662700,SPY
2025-03-31,553.0501098632812,554.3551567474991,540.6719872727307,543.5984615291653,95328200,SPY
2025-04-01,554.6121826171875,556.5598868781194,547.4048260096515,551.1321177898429,54609600,SPY
2025-04-02,558.1219482421875,560.9890444564371,548.52197624234,548.7592465118332,76014500,SPY
2025-04-03,530.6173095703125,541.759539717793,530.6173095703125,538.931968079745,125986000,SPY
2025-04-04,499.5533447265625,519.9099817661254,499.3358369172059,517.7349036725598,217965100,SPY
2025-04-07,498.6635437011719,517.2405628900261,476.33944038650816,483.64569927250346,256611400,SPY
2025-04-08,490.8531188964844,519.0300819148135,483.6160734043612,515.9454474877983,165816600,SPY
2025-04-09,542.4021606445312,542.4021606445312,487.46196103833506,487.84755542038147,241867300,SPY
2025-04-10,518.6346435546875,527.4535310578508,503.5475844453038,526.1385878330984,162331200,SPY
2025-04-11,527.8884887695312,530.3502582115377,514.1756919605745,517.0823733080597,97866300,SPY
2025-04-14,533.0098266601562,538.111379094838,527.8094317224818,537.8839447885014,68034000,SPY
2025-04-15,531.5169067382812,537.0732068479572,530.7259857198238,533.5535570239268,56892900,SPY
2025-04-16,519.7022705078125,531.7936996877118,514.3931376127902,525.6540605978519,83484800,SPY
2025-04-17,520.44384765625,525.1499093262158,517.9721816819745,521.6599483491107,79868100,SPY
2025-04-21,508.0558776855469,515.7872559194974,502.69729269891565,515.2533374613439,69368100,SPY
2025-04-22,521.2743530273438,523.3011070538847,513.305704354498,514.2449494916972,75948100,SPY
2025-04-23,529.3516845703125,539.2482437222484,527.8291602174767,534.3049123051696,90590700,SPY
2025-04-24,540.4940185546875,541.2256220112762,529.3814182452572,530.6369834977514,64150400,SPY
2025-04-25,544.3992919921875,544.804618673288,537.5280483044934,540.454522631326,61119600,SPY
2025-04-28,544.6068115234375,547.2762226232229,538.8429303961163,545.1407299494361,47613800,SPY
2025-04-29,548.0375366210938,549.1547344204944,542.3329124899421,542.6888178923871,47775100,SPY
2025-04-30,548.2550659179688,550.2126665027023,535.3826699025942,541.3640897959557,93101500,SPY
2025-05-01,552.1404418945312,557.6770094036193,551.5373699314374,554.0189320097116,63186100,SPY
2025-05-02,560.3365478515625,561.9381825044319,556.006184429092,558.3295262045715,60717300,SPY
2025-05-05,557.1234130859375,560.2278400664005,555.3339293144951,556.194064255589,38659200,SPY
2025-05-06,552.4667358398438,556.9651555946843,550.6476235760448,551.6066009560054,48264700,SPY
2025-05-07,554.7901611328125,557.4298834610689,549.738030089525,553.8014947566288,55588000,SPY
2025-05-08,558.6558227539062,563.8463212534109,555.333918196641,558.8337754612519,65130800,SPY
2025-05-09,557.9439697265625,561.068128702691,556.381860066797,560.0596697605964,37603400,SPY
2025-05-12,576.382568359375,576.3924646775216,570.4999916854949,574.8797762427796,78993600,SPY
2025-05-13,580.18896484375,582.403567726764,576.2342995973956,576.7977862928067,67947200,SPY
2025-05-14,580.9304809570312,582.3046813078995,578.9036666864055,581.1479585868793,66283500,SPY
2025-05-15,583.7680053710938,584.2721745648568,578.4687074145315,578.9235156986,71268100,SPY
2025-05-16,587.4655151367188,587.7621029517821,582.6012939394769,584.5489375445604,76052100,SPY
2025-05-19,588.108154296875,588.7903364922698,581.4346564328234,581.4346564328234,68168500,SPY
2025-05-20,586.1307983398438,587.317209981726,582.917632829089,586.3681289429425,60614500,SPY
2025-05-21,576.2540893554688,585.8639582409971,575.2258980125081,581.7708648204313,95197700,SPY
2025-05-22,576.4815063476562,579.971467292194,574.8204937262445,576.0563267018498,70860400,SPY
2025-05-23,572.5465087890625,575.215919785119,569.0762805285291,569.4519785383726,76029000,SPY
2025-05-27,584.4500732421875,584.6082332898518,571.8742072622273,579.4276318354167,72588500,SPY
2025-05-28,581.0689086914062,586.051826179252,580.3373051792158,584.8555180607121,68445500,SPY
2025-05-29,583.362548828125,586.4768718669775,579.4276761926377,586.3384441000501,69973300,SPY
2025-05-30,582.7100830078125,584.430352826958,576.6297607292682,582.2552747565533,90601200,SPY
2025-06-02,585.992431640625,586.0714814983527,578.4291102147669,581.0985213264464,61630500,SPY
2025-06-03,589.3341064453125,590.3128764026674,585.1421107506463,585.6266079138771,63606200,SPY
2025-06-04,589.1759643554688,591.1730898063917,588.7409487228937,590.1943197189499,57314200,SPY
2025-06-05,586.3285522460938,592.2111289512687,584.3512195951713,590.8566609128592,92278700,SPY
2025-06-06,592.349609375,594.0204580272924,590.0954209877331,591.8750084630755,66588700,SPY
2025-06-09,592.8834228515625,594.4356362447949,591.7069074945726,592.9229477814916,53016400,SPY
2025-06-10,596.2449951171875,596.6305291817529,592.3002255337209,593.4173631354267,66247000,SPY
2025-06-11,594.5443725585938,598.2024500657004,592.4780937113569,597.3423151819753,73658200,SPY
2025-06-12,596.9073486328125,596.9073486328125,592.725309003214,593.2097458920864,64129000,SPY
2025-06-13,590.23388671875,595.0288949944265,588.7310943639458,591.7168864341237,89506000,SPY
2025-06-16,595.8494262695312,597.5993850121447,593.4172853343232,593.5952983788304,79984100,SPY
2025-06-17,590.7578125,594.9299553868199,589.9965201271316,593.4074309844862,82209400,SPY
2025-06-18,590.6688232421875,594.4059506456396,589.7097855095001,591.6574895866379,76605000,SPY
2025-06-20,589.2816162109375,594.4180406328666,587.8735160730708,593.3471074282096,94051400,SPY
2025-06-23,595.1021728515625,595.4888465716903,586.9116378864132,590.0351069773628,87426000,SPY
2025-06-24,601.676513671875,602.7374608387837,598.3348024442159,599.2471080685161,67735300,SPY
2025-06-25,602.0135498046875,603.4910078317407,600.4468221319722,602.7968833801484,62114800,SPY
2025-06-26,606.7236328125,607.1599344481853,603.2530708764845,603.8678512919777,78548400,SPY
2025-06-27,609.7380981445312,611.2056913389495,605.692457719191,607.7252035075089,86258400,SPY
2025-06-30,612.6533203125,614.0117925800773,609.8669572755672,612.1873024714439,92502500,SPY
2025-07-01,612.455078125,613.625146088841,610.3429883405835,611.1758893553448,70030100,SPY
2025-07-02,615.2315063476562,615.2711481262035,611.4237773441516,612.0484833566157,66510400,SPY
2025-07-03,620.0803833007812,621.0124795190609,617.194824993195,617.214676143094,51065800,SPY
2025-07-07,615.4595336914062,618.7813935886118,612.6731706581298,618.1169852960921,74814500,SPY
2025-07-08,615.1224365234375,616.8775081543645,614.3093261623386,616.1238907210633,59024600,SPY
2025-07-09,618.8110961914062,619.4655183729625,615.6875662931247,617.5319680301938,66113300,SPY
2025-07-10,620.5563354492188,621.5974919629854,617.7699723301522,618.9499658515675,57529000,SPY
2025-07-11,618.3748168945312,619.6043777491163,616.3024294765994,617.5022136064131,63670200,SPY
2025-07-14,619.5548095703125,619.9018415613931,616.5701165685465,617.9186632768227,51898500,SPY
2025-07-15,616.9072875976562,622.5791484786782,616.8279435196437,622.2420420602726,74317300,SPY
2025-07-16,618.9697265625,619.4754466932056,612.8516386863737,618.4937831556223,88987500,SPY
2025-07-17,622.7576293945312,623.1146474859103,618.9301097920578,619.1482908768893,68885700,SPY
2025-07-18,622.301513671875,624.175571102461,621.1909387049365,624.007017899032,65621600,SPY
2025-07-21,623.4815063476562,626.2281670376054,623.0551302914085,623.4815063476562,63375000,SPY
2025-07-22,623.5706787109375,624.4333563471947,620.9231528797274,623.8086504006922,60046300,SPY
2025-07-23,628.8757934570312,628.8757934570312,624.4334327911965,626.2381323551606,70511000,SPY
2025-07-24,629.083984375,630.7994747941685,628.6576082944551,629.2624631630094,71307100,SPY
2025-07-25,631.741455078125,632.2174590489252,629.5005143245561,629.7484116245431,56865400,SPY
2025-07-28,631.582763671875,632.6734874729789,630.1945147233831,632.1181999979412,54917100,SPY
2025-07-29,629.9169311523438,633.2982235137306,629.0046860832861,632.9809077241022,60556300,SPY
2025-07-30,629.1236572265625,632.3165451544952,626.2281734095909,630.5713386132512,80418900,SPY
2025-07-31,626.763671875,634.4682782312485,625.4646925404661,634.0816044685715,103385200,SPY
2025-08-01,616.4907836914062,621.0719812920488,614.0812292944926,621.0322789916852,140103600,SPY
2025-08-04,625.8612670898438,625.9108344398344,620.3183179857707,620.4075271113948,73218000,SPY
2025-08-05,622.6881713867188,627.2891592865192,621.7660007962415,626.4760489706393,68051400,SPY
2025-08-06,627.4578247070312,628.1122469303318,622.8469108529321,623.7591559441935,64357500,SPY
2025-08-07,626.9322509765625,631.62244837055,623.8186464662513,630.8886820702932,74205800,SPY
2025-08-08,631.82080078125,632.2868791777582,628.4097315038053,628.727047311219,64051600,SPY
2025-08-11,630.5712890625,633.5758329217508,629.3218771812983,632.0983749269875,58742300,SPY
2025-08-12,637.284423828125,637.4430514601922,631.4340237207567,632.9214074238032,64730800,SPY
2025-08-13,639.4659423828125,640.7549961752953,637.2745085703324,639.4857330110176,60092800,SPY
2025-08-14,639.5254516601562,640.1897994624859,636.9374184340268,637.3835851461316,59327500,SPY
2025-08-15,638.0281372070312,640.6558727131268,637.11589211782,640.5566774831647,68592500,SPY
2025-08-18,637.8892822265625,638.5834067295413,636.7787072305159,637.4529805837014,43804900,SPY
2025-08-19,634.4286499023438,638.6924711313014,633.1098193903536,637.7108075589789,69750700,SPY
2025-08-20,632.7429809570312,634.2799321395609,627.626407225106,634.0221697813646,88890300,SPY
2025-08-21,630.2044677734375,632.604096553562,628.4791123479844,630.9283690027011,54805800,SPY
2025-08-22,639.88232421875,641.0623176031913,631.8901189367884,632.3958390332336,84083200,SPY
2025-08-25,637.0662231445312,639.8625116828326,636.9472372936925,638.6230253017661,51274300,SPY
2025-08-26,639.733642578125,640.0807351008626,636.1738713484165,636.7985773675441,51581600,SPY
2025-08-27,641.1912841796875,641.9250504526357,638.9998504138363,639.148612992103,48341100,SPY
2025-08-28,643.4620361328125,644.0173236548059,639.9121904309055,641.7961735668325,61519500,SPY
2025-08-29,639.6245727539062,642.3911452321481,637.7306640961879,642.0242015644989,74522200,SPY
2025-09-02,634.884765625,635.1028861742022,629.5797276837342,632.13804448044,81983500,SPY
2025-09-03,638.3255615234375,638.7916398746721,635.0731807265284,637.2645539172183,70820900,SPY
2025-09-04,643.6603393554688,643.6901160802078,638.0975387911232,638.9998582812316,65219200,SPY
2025-09-05,641.7960815429688,646.7243105506017,637.918995020256,646.0004093954814,85178900,SPY
2025-09-08,643.372802734375,644.3743174556171,641.7862237872296,643.1645472258064,63133100,SPY
2025-09-09,644.8601684570312,645.3856792185645,641.7762803015634,643.5115612591451,66133900,SPY
2025-09-10,646.724365234375,649.0446498954948,645.1576374702139,648.122479271532,78034500,SPY
2025-09-11,652.0987548828125,652.7928793680376,648.0927566439484,648.6777603299006,69934400,SPY
2025-09-12,651.8805541992188,653.5662677492645,651.3748946038203,652.0689585463732,72780100,SPY
2025-09-15,655.3511352539062,655.4800466805781,653.7943936028013,654.0918582328915,63772400,SPY
2025-09-16,654.4488525390625,656.213910313041,653.6655188822047,655.9064595692537,61169000,SPY
2025-09-17,653.6357421875,656.1543568928759,648.7967821934204,654.4587781451693,101952200,SPY
2025-09-18,656.6898193359375,659.2977035594738,654.7165666735059,656.3229362038169,90459200,SPY
2025-09-19,659.9423217773438,660.7874850308027,656.6311583459587,658.5800832029405,97945600,SPY
2025-09-22,663.0645751953125,663.5119788762895,658.4209716621773,658.4508309420254,69452200,SPY
2025-09-23,659.4551391601562,663.5617612775759,658.2320617574377,662.9452156846509,81708900,SPY
2025-09-24,657.3569946289062,660.8471316064555,655.9350982101993,660.7477220570149,68082200,SPY
2025-09-25,654.3242797851562,655.6765652531099,650.7048739536411,654.2149171420698,89622100,SPY
2025-09-26,658.072998046875,658.619871988132,654.1553026157394,655.7760789419195,69179200,SPY
2025-09-29,659.9224243164062,661.5134019828115,658.112721358766,660.5985670660314,73499000,SPY
2025-09-30,662.4082641601562,662.8756347075731,657.8641309647478,659.1766647693167,86288000,SPY
2025-10-01,664.6654052734375,665.5801794564833,659.3059076216911,659.4152702620313,72545400,SPY
2025-10-02,665.4309692382812,666.7733621981591,663.004842335434,666.6540464714482,56896000,SPY
2025-10-03,665.421142578125,668.8714672806448,664.377038831869,666.1966948783695,70494400,SPY
2025-10-06,667.8074951171875,668.7024238148077,665.669704301124,667.8174482099862,54623300,SPY
2025-10-07,665.3316040039062,669.1796881705657,663.8898014056139,668.7322238208072,72020100,SPY
2025-10-08,669.2990112304688,669.398481470165,665.6299006256374,666.4552183740389,60702200,SPY
2025-10-09,667.3600463867188,670.1243359074817,665.4211353124821,669.7166839203261,66501900,SPY
2025-10-10,649.32275390625,670.1342452495495,649.14378031214,668.324542434099,159422600,SPY
2025-10-13,659.2860107421875,661.3642043859337,656.0345659370097,656.9095884512618,79560500,SPY
2025-10-14,658.4805908203125,662.0602448848334,649.4718888267987,653.4492417720955,88779600,SPY
2025-10-15,661.4039306640625,666.4352795829697,655.1992699391986,663.0446129876665,81702600,SPY
2025-10-16,656.8995971679688,664.9239136533134,653.3895542222015,663.0445999065358,110563300,SPY
2025-10-17,660.62841796875,661.9906565438909,654.4138037793879,655.7660892614911,96500900,SPY
2025-10-20,667.499267578125,668.4041493887289,663.4921159142255,663.5418206897375,60493400,SPY
2025-10-21,667.4893188476562,669.1797060532549,666.1867381348511,667.638493864759,56249000,SPY
2025-10-22,664.0191040039062,668.1953369980629,659.5445816579371,668.1953369980629,80564000,SPY
2025-10-23,667.9566650390625,668.9012985038863,664.019063764971,664.3372592841532,65604500,SPY
2025-10-24,673.4155883789062,674.628651928334,671.8246714345047,672.6300829996666,74356500,SPY
2025-10-27,681.3603515625,681.658640907831,678.2580209918731,678.8645527756448,63339800,SPY
2025-10-28,683.1700439453125,685.0095454543999,680.9526890414517,683.1600908523567,61738100,SPY
2025-10-29,683.4982299804688,685.795149064121,679.0038013689816,684.8206562449755,85657100,SPY
2025-10-30,675.9810180664062,682.0564104652303,675.9810180664062,680.0279821977349,76335800,SPY
2025-10-31,678.1983032226562,681.2012239761448,675.3942622450203,681.1614116072222,87164100,SPY
2025-11-03,679.4711303710938,681.9171636388411,676.0903560257897,681.7878948104295,57315000,SPY
2025-11-04,671.4169921875,676.1103005794487,670.7607556049009,672.2820616639051,78427000,SPY
2025-11-05,673.7437133789062,677.0051112074705,670.3529860359731,671.1583975728993,74402400,SPY
2025-11-06,666.514892578125,673.5448715272548,664.9338680034818,672.6399897028363,85035300,SPY
2025-11-07,667.1710815429688,667.2805048704689,657.4663915648358,664.1284090392404,100592400,SPY
2025-11-10,677.5818481445312,678.3176487268574,671.2081667723378,673.4056154266486,75842900,SPY
2025-11-11,679.1329956054688,679.6997756663966,674.8871520395073,676.1002762110339,58953400,SPY
2025-11-12,679.5109252929688,681.0819968300743,677.0946904605516,680.9129156193362,62312500,SPY
2025-11-13,668.235107421875,677.0051787486752,666.7237544337754,676.6472315164618,103457800,SPY
2025-11-14,668.1256713867188,671.8345335183507,659.5147291242073,661.612768198211,96846700,SPY
2025-11-17,661.901123046875,669.8956413839408,658.4209391867944,665.9083353081996,90456100,SPY
2025-11-18,656.3427734375,661.354216097308,652.146634691611,658.3512953245886,114467500,SPY
2025-11-19,658.8783569335938,663.5617119214406,655.0203196831769,657.0388554539629,94703000,SPY
2025-11-20,648.8355712890625,671.7351497651099,648.1991802397498,669.1001291109939,165293500,SPY
2025-11-21,655.2987670898438,660.7874729698119,647.1650267848305,651.3412595795126,123956200,SPY
2025-11-24,664.9437866210938,666.2662734630499,657.8442577670318,658.9380055466532,80437900,SPY
2025-11-25,671.1982421875,672.3815071629971,660.717877921785,664.8444060411854,81077100,SPY
2025-11-26,675.8318481445312,677.8404309302599,672.8885849296569,673.7934667684052,71879600,SPY
2025-11-28,679.5208129882812,679.7991961322198,676.6471609574353,677.0051081523229,49212000,SPY
2025-12-01,676.41845703125,679.1230277654502,674.8970904760725,674.9667014318244,61201200,SPY
2025-12-02,677.67138671875,679.9483994968172,675.4838303983408,678.0591325179204,62953800,SPY
2025-12-03,680.0180053710938,681.0321891246488,675.8417725523884,676.7167950740063,57238500,SPY
2025-12-04,680.51513671875,681.4895687361658,677.4824173401821,681.4199577792665,61970300,SPY
2025-12-05,681.8078002929688,684.4925257185774,680.7040993957534,681.5890143183475,79241000,SPY
2025-12-08,679.7594604492188,682.7524282821314,677.7111260885928,682.7027235077143,55231500,SPY
2025-12-09,679.1727905273438,681.5095218770947,678.7253868572307,679.2822138612034,58310100,SPY
2025-12-10,683.6771850585938,685.0692222502689,677.4526176554032,678.6955405173951,85671300,SPY
2025-12-11,685.26806640625,685.3476304583654,678.3076987410943,681.2609148661827,86173700,SPY
2025-12-12,677.9000854492188,684.9797692517327,675.3247225627367,684.2737672143002,113160300,SPY
2025-12-15,676.8758544921875,681.8774049984522,675.4042533093998,681.8574988128718,90811000,SPY
2025-12-16,675.0264282226562,677.2239376857725,671.1584377196804,675.3843754405706,122030600,SPY
2025-12-17,667.5986938476562,676.5874893555698,667.3998140691156,676.0406154817738,110625200,SPY
2025-12-18,672.6399536132812,676.8857972779194,671.0788959983324,673.7635606688432,108650100,SPY
2025-12-19,678.7363891601562,679.2350273728672,674.6275542880097,674.747283458469,103599500,SPY
2025-12-22,682.96484375,683.4933686131409,678.7364013691785,682.0772531068674,69556700,SPY
2025-12-23,686.0863037109375,686.325640311278,682.0074163952171,682.0572680421344,64840000,SPY
2025-12-24,688.4996948242188,688.9484813838191,685.9267046355759,686.0763204450832,39445600,SPY
2025-12-26,688.4298706054688,689.7761694005526,687.392725060237,688.758988861415,41613300,SPY
2025-12-29,685.9765625,687.322922191004,684.2014421207446,685.6674092439482,62559500,SPY
2025-12-30,685.138916015625,686.6846823672308,684.7100944386586,685.5777200962995,47160700,SPY
2025-12-31,680.062744140625,685.4879304984822,679.8533550408816,685.2685588951464,74144800,SPY
2026-01-02,681.309326171875,684.999261161205,677.9684744567207,683.842447277036,89377200,SPY
2026-01-05,685.846923828125,687.5522884526621,684.5106074856512,684.6701449336617,71927200,SPY
2026-01-06,689.92578125,690.4344019511112,685.9067890249802,686.0563439630641,69273800,SPY
2026-01-07,687.701904296875,692.0699799720542,687.4426026835383,690.3047811958188,75588300,SPY
2026-01-08,687.632080078125,688.7390423054183,685.6175622141362,686.9439569075789,64019200,SPY
2026-01-09,692.1796264648438,693.4162394407576,687.3029303433501,688.7489932725086,80125500,SPY
2026-01-12,693.2666625976562,694.1941832506386,688.7490319805348,688.7988836287034,63976000,SPY
2026-01-13,691.8804931640625,694.194181802135,689.467040360938,693.595779418591,78309700,SPY
2026-01-14,688.479736328125,689.8360176539858,684.1714948792828,689.1180078469732,94676700,SPY
2026-01-15,690.3546142578125,693.5558934557131,689.3673203481677,692.678285342935,77862000,SPY
2026-01-16,689.7761840820312,692.359156800422,688.22043529661,691.7707369284135,79289200,SPY
2026-01-20,675.7345581054688,682.9049778344743,674.7272992054969,679.6338820353151,111623300,SPY
2026-01-21,683.5332641601562,686.8641332264262,676.2830453044572,677.7989248999835,127844500,SPY
2026-01-22,687.103515625,689.2476843606095,685.0491285530771,687.9711412752974,77112200,SPY
2026-01-23,687.352783203125,689.0781127396581,685.2884137823622,686.2757685331861,63059600,SPY
2026-01-26,690.84326171875,692.2394730275811,688.0409174669724,688.609372319757,60473800,SPY
2026-01-27,693.5957641601562,694.6329705879123,691.6810104865692,692.2893344912051,55506100,SPY
2026-01-28,693.5259399414062,695.9393926651097,692.0499903412962,695.1515053497095,61172200,SPY
2026-01-29,692.1497192382812,695.1615135683285,682.9648421722587,694.4933553961189,97486200,SPY
2026-01-30,690.0853271484375,692.3192774332931,685.2485609149509,689.9058246991844,101835100,SPY
2026-02-02,693.5159912109375,695.0318708971434,687.5423149981101,687.7019133171445,79286500,SPY
2026-02-03,687.6520385742188,695.0617950648859,682.1670182684101,694.3138377504575,107904600,SPY
2026-02-04,684.3211059570312,689.5667896413613,679.9031787408285,688.4697490630058,105204600,SPY
2026-02-05,675.7744750976562,681.8279505601881,673.9494421186707,679.0854402743204,113610800,SPY
2026-02-06,688.739013671875,690.4244132010324,678.995603890688,679.6039887472712,89127600,SPY
2026-02-09,692.0599975585938,693.9747512796714,686.4652913399738,687.5423060693106,73885200,SPY
2026-02-10,690.2349243164062,694.64286887948,689.7761552680904,693.0572335194393,65185700,SPY
2026-02-11,690.075439453125,695.2413241987686,687.3029816841566,694.4933668556342,76353900,SPY
2026-02-12,679.41455078125,693.4561594586687,678.5169776231163,692.3491972008484,118829000,SPY
2026-02-13,679.8931884765625,684.410879804094,675.6747287653898,679.833354327075,96267500,SPY
2026-02-17,680.9901733398438,683.074507822494,673.9394826742099,678.287593220413,81354700,SPY
2026-02-18,684.4208374023438,687.2730943282486,680.9702998190471,682.157061237011,73570300,SPY
2026-02-19,682.61572265625,684.311104689823,679.6937101433548,681.9775120282383,58649400,SPY
2026-02-20,687.5523071289062,688.1805961724377,679.8732661615737,680.4616860592505,100034000,SPY
2026-02-23,680.531494140625,688.1207533479937,678.5169762252317,685.9566804858357,90558100,SPY
2026-02-24,685.4779052734375,686.4751816677359,678.1479481229125,680.0427976196477,73798700,SPY
2026-02-25,691.26220703125,691.7907319065998,688.2204651135966,688.3002642742074,56369500,SPY
2026-02-26,687.422607421875,691.4117130049051,682.486077089091,691.391808867856,71671000,SPY
2026-02-27,684.1216430664062,684.9892686841309,679.7835149777827,681.2295779636313,83308900,SPY
2026-03-02,684.5106201171875,686.744509644098,676.1734035367807,676.8515442239554,87477200,SPY
2026-03-03,678.4771118164062,680.7508704958498,667.8361281509542,673.221445388408,105003100,SPY
2026-03-04,683.2639770507812,685.2186606854194,677.7689744100875,679.7735096903759,79182200,SPY
2026-03-05,679.4544067382812,683.6629449535216,673.7699188745959,680.2223290726917,106606500,SPY
2026-03-06,670.5487060546875,674.2685275228549,667.9358467743081,671.5758690877306,100687000,SPY
2026-03-09,676.4227294921875,678.0681991431876,660.5859743093405,664.5750801817165,102667700,SPY
2026-03-10,675.3356323242188,681.4987932365287,672.9222404542279,675.87413967305,81505300,SPY
2026-03-11,674.4879760742188,678.2277626375325,671.5061293267642,675.7345715953234,68441700,SPY
2026-03-12,664.2459106445312,669.8207124533001,664.0564256954588,669.3319958917509,108882200,SPY
2026-03-13,660.4862060546875,670.5088831921612,659.5587462493693,667.4472371497842,97200200,SPY
2026-03-16,667.2078857421875,670.239584206393,665.3030536555561,666.5596317087426,82023100,SPY
2026-03-17,668.9630126953125,672.60309589337,667.8760155087483,670.5586914524959,87128000,SPY
2026-03-18,659.6285400390625,667.8959397089973,659.3892034355257,666.5396583763402,82062600,SPY
2026-03-19,658.0029907226562,661.1743225351036,653.3855958813168,655.1806813207687,111272500,SPY
2026-03-20,648.5700073242188,656.6900024414062,644.719970703125,656.510009765625,163617500,SPY
2026-03-23,655.3800048828125,662.6199951171875,653.9400024414062,658.0700073242188,134802700,SPY
2026-03-24,653.1799926757812,657.030029296875,649.8800048828125,651.3200073242188,96457500,SPY
2026-03-25,656.8200073242188,660.8900146484375,654.239990234375,658.6699829101562,90653800,SPY
2026-03-26,645.0900268554688,654.8499755859375,644.8200073242188,652.0599975585938,96494400,SPY
2026-03-27,634.0900268554688,642.6599731445312,633.1099853515625,642.5,103649400,SPY
2026-03-30,631.969970703125,640.3699951171875,629.280029296875,640.1099853515625,99275900,SPY
2026-03-31,650.3400268554688,651.5399780273438,637.97998046875,638.9400024414062,152534100,SPY
2026-04-01,655.239990234375,658.52001953125,653.0,653.9000244140625,97841500,SPY
2026-04-02,655.8300170898438,658.2000122070312,645.1099853515625,646.4199829101562,68358700,SPY
2026-04-06,658.9299926757812,659.719970703125,655.52001953125,655.8599853515625,39105800,SPY
2026-04-07,659.219970703125,659.6099853515625,651.0599975585938,656.6500244140625,69980400,SPY
2026-04-08,676.010009765625,677.0800170898438,671.4600219726562,676.3900146484375,93606100,SPY
2026-04-09,679.9099731445312,681.1599731445312,673.77001953125,674.8400268554688,57134400,SPY
2026-04-10,679.4600219726562,682.030029296875,678.4500122070312,681.3200073242188,42253500,SPY
2026-04-13,686.0999755859375,686.2999877929688,676.5800170898438,677.4099731445312,54185800,SPY
2026-04-14,694.4600219726562,694.5800170898438,687.6599731445312,687.6900024414062,63480500,SPY
2026-04-15,699.9400024414062,700.280029296875,694.2000122070312,695.260009765625,58240400,SPY
2026-04-16,701.6599731445312,702.780029296875,698.530029296875,701.0599975585938,49972400,SPY
2026-04-17,710.1400146484375,712.3900146484375,705.760009765625,706.1400146484375,70538900,SPY
